<project name="protoc">
  <target name="check-file">
    <available file="${tradingplatform.home}/trading/src/main/proto" property="folderExists" />
  </target>
  
  <target name="protoc" depends="check-file" if="folderExists">
    <antcall target="create-folder"/>
    <exec executable="bash" failonerror="true">
      <arg line="-c 'target/nar/protobuf-exec-${protobuf.version}-${nar.aol}-executable/bin/${nar.aol}/protoc 
           -I${tradingplatform.home}/trading/src/main/proto 
           --java_out=target/src/generated/java ${tradingplatform.home}/trading/src/main/proto/*.proto'"/>
      <env key="LD_LIBRARY_PATH" value="target/nar/protobuf-${protobuf.version}-${nar.aol}-shared/lib/${nar.aol}/shared"/>
      <env key="PATH" value="target/nar/protobuf-${protobuf.version}-${nar.aol}-shared/lib/${nar.aol}/shared"/>
    </exec>
  </target>
  
  <target name="create-folder">
    <mkdir dir="target/src/generated/java"/>
  </target>
  
</project>
