<project name="slice2cpp">

  <target name="check-file">
    <available file="src/main/slice" property="fileExists"/>
  </target>
  
  <target name="slice2cpp" depends="check-file" if="fileExists">  
    <antcall target="create-folder"/>
    <exec executable="bash" failonerror="true">
            <arg line="-c 'target/nar/ice-exec-${ice.version}-${nar.aol}-executable/bin/${nar.aol}/slice2cpp --dll-export ${project.artifactId}_api src/main/slice/*.slice.ice ; /bin/sed -i &quot;s/_api_EXPORTS/_exports/g&quot; *.slice.h; /bin/mv *.slice.h src/main/include ; /bin/mv *.slice.cpp src/main/c'"/>
      <env key="LD_LIBRARY_PATH" value="target/nar/ice-${ice.version}-${nar.aol}-shared/lib/${nar.aol}/shared"/>
      <env key="PATH" value="target/nar/ice-${ice.version}-${nar.aol}-shared/lib/${nar.aol}/shared"/>
    </exec>
  </target>

  <target name="create-folder">
    <mkdir dir="src/main/include"/>
    <mkdir dir="src/main/c"/>
  </target>
</project>
