<project name="slice2java">

  <target name="check-file">
    <available file="${tradingplatform.home}/trading/src/main/slice" property="fileExists"/>
  </target>
  
  <target name="slice2java" depends="check-file" if="fileExists">  
    <antcall target="create-folder"/>
    <exec executable="bash" failonerror="true">
            <arg line="-c 'target/nar/ice-exec-${ice.version}-${nar.aol}-executable/bin/${nar.aol}/slice2java --output-dir target/src/generated/java ${tradingplatform.home}/trading/src/main/slice/*.slice.ice'"/>
      <env key="LD_LIBRARY_PATH" value="target/nar/ice-${ice.version}-${nar.aol}-shared/lib/${nar.aol}/shared"/>
      <env key="PATH" value="target/nar/ice-${ice.version}-${nar.aol}-shared/lib/${nar.aol}/shared"/>
    </exec>
  </target>

  <target name="create-folder">
    <mkdir dir="target/src/generated/java"/>
  </target>
</project>
